Date,PRCP,WSF2,WSF5
2010-01-01,0.01,13.0,17.0
2010-01-02,0.27,25.1,33.1
2010-01-03,0.04,25.9,36.0
2010-01-04,0.0,21.9,32.0
2010-01-05,0.0,14.1,19.9
2010-01-06,0.0,17.9,25.9
2010-01-07,0.0,21.9,25.9
2010-01-08,0.0,17.9,23.9
2010-01-09,0.0,17.9,23.9
2010-01-10,0.0,15.0,21.0
2010-01-11,0.0,14.1,17.0
2010-01-12,0.0,21.0,25.9
2010-01-13,0.0,19.9,23.9
2010-01-14,0.0,10.1,14.1
2010-01-15,0.0,21.0,25.1
2010-01-16,0.0,15.0,17.9
2010-01-17,0.72,17.0,23.0
2010-01-18,0.72,32.0,38.9
2010-01-19,0.18,10.1,13.0
2010-01-20,0.0,17.9,25.1
2010-01-21,0.0,15.0,19.9
2010-01-22,0.0,25.9,33.1
2010-01-23,0.0,15.0,21.0
2010-01-24,0.0,14.1,17.0
2010-01-25,1.38,32.0,48.1
2010-01-26,0.0,21.0,25.9
2010-01-27,0.0,16.1,21.0
2010-01-28,0.05,32.0,45.0
2010-01-29,0.0,32.0,44.1
2010-01-30,0.0,21.9,29.1
2010-01-31,0.0,16.1,21.0
2010-02-01,0.0,21.0,28.0
2010-02-02,0.0,8.1,13.0
2010-02-03,0.01,15.0,19.9
2010-02-04,0.0,21.0,29.1
2010-02-05,0.0,15.0,17.9
2010-02-06,0.0,28.0,33.1
2010-02-07,0.0,23.0,31.1
2010-02-08,0.0,23.0,29.1
2010-02-09,0.0,17.0,21.9
2010-02-10,0.25,34.9,44.1
2010-02-11,0.0,25.9,34.9
2010-02-12,0.0,19.9,23.9
2010-02-13,0.0,17.0,23.0
2010-02-14,0.0,25.9,36.9
2010-02-15,0.0,21.0,30.0
2010-02-16,0.17,17.9,25.9
2010-02-17,0.0,19.9,29.1
2010-02-18,0.0,23.9,34.9
2010-02-19,0.0,28.0,36.0
2010-02-20,0.0,21.0,25.9
2010-02-21,0.0,21.9,29.1
2010-02-22,0.0,17.0,21.0
2010-02-23,0.78,17.0,23.0
2010-02-24,1.8,23.9,29.1
2010-02-25,1.42,25.1,33.1
2010-02-26,0.01,31.1,44.1
2010-02-27,0.03,14.1,16.1
2010-02-28,0.0,17.9,25.9
2010-03-01,0.09,25.1,36.9
2010-03-02,0.0,14.1,16.1
2010-03-03,0.06,29.1,38.0
2010-03-04,0.07,23.0,31.1
2010-03-05,0.0,21.9,25.9
2010-03-06,0.0,17.0,21.9
2010-03-07,0.0,17.0,21.9
2010-03-08,0.0,28.0,34.9
2010-03-09,0.0,17.9,23.9
2010-03-10,0.0,15.0,16.1
2010-03-11,0.02,8.9,12.1
2010-03-12,0.0,17.9,21.9
2010-03-13,1.9,31.1,42.9
2010-03-14,1.28,31.1,40.9
2010-03-15,0.5,30.0,38.0
2010-03-16,0.0,23.9,31.1
2010-03-17,0.0,16.1,19.9
2010-03-18,0.0,21.0,25.9
2010-03-19,0.0,21.0,25.1
2010-03-20,0.0,21.0,25.1
2010-03-21,0.0,14.1,16.1
2010-03-22,0.08,16.1,19.9
2010-03-23,3.3,19.9,23.0
2010-03-24,0.0,30.0,42.9
2010-03-25,0.0,25.1,32.0
2010-03-26,0.21,29.1,34.9
2010-03-27,0.0,19.9,23.0
2010-03-28,0.02,17.9,23.0
2010-03-29,3.47,25.9,38.0
2010-03-30,5.32,23.9,31.1
2010-03-31,0.02,17.0,25.1
2010-04-01,0.0,19.9,23.0
2010-04-02,0.0,16.1,19.9
2010-04-03,0.0,21.9,25.1
2010-04-04,0.0,17.0,21.9
2010-04-05,0.0,23.9,29.1
2010-04-06,0.0,14.1,17.9
2010-04-07,0.0,23.9,31.1
2010-04-08,0.0,17.0,21.0
2010-04-09,0.93,23.9,38.9
2010-04-10,0.0,23.9,33.1
2010-04-11,0.0,23.0,30.0
2010-04-12,0.0,17.9,23.0
2010-04-13,0.0,17.9,21.9
2010-04-14,0.0,21.9,23.9
2010-04-15,0.0,23.9,30.0
2010-04-16,0.41,16.1,19.9
2010-04-17,0.11,14.1,16.1
2010-04-18,0.0,14.1,16.1
2010-04-19,0.0,23.0,28.0
2010-04-20,0.0,15.0,19.9
2010-04-21,0.0,21.9,28.0
2010-04-22,0.38,21.9,25.1
2010-04-23,0.0,19.9,25.9
2010-04-24,0.0,21.9,25.9
2010-04-25,0.16,15.0,17.9
2010-04-26,0.07,15.0,19.9
2010-04-27,0.11,17.0,23.9
2010-04-28,0.01,25.9,36.9
2010-04-29,0.0,32.0,45.0
2010-04-30,0.0,25.9,38.0
2010-05-01,0.0,17.9,23.0
2010-05-02,0.0,17.0,21.9
2010-05-03,0.36,30.0,36.9
2010-05-04,0.1,36.9,48.1
2010-05-05,0.0,21.0,28.0
2010-05-06,0.0,23.9,32.0
2010-05-07,0.0,17.9,23.9
2010-05-08,0.84,31.1,40.9
2010-05-09,0.0,28.0,44.1
2010-05-10,0.0,21.0,29.1
2010-05-11,0.0,16.1,19.9
2010-05-12,0.0,13.0,16.1
2010-05-13,0.0,19.9,23.0
2010-05-14,0.08,15.0,19.9
2010-05-15,0.01,25.9,34.9
2010-05-16,0.0,17.9,23.9
2010-05-17,0.0,19.9,28.0
2010-05-18,0.84,23.0,33.1
2010-05-19,0.06,21.0,29.1
2010-05-20,0.0,16.1,19.9
2010-05-21,0.0,16.1,21.0
2010-05-22,0.0,13.0,15.0
2010-05-23,0.0,10.1,14.1
2010-05-24,0.0,17.0,21.0
2010-05-25,0.0,17.0,19.9
2010-05-26,0.0,25.9,32.0
2010-05-27,0.16,25.9,32.0
2010-05-28,0.0,16.1,19.9
2010-05-29,0.07,17.9,23.9
2010-05-30,0.0,19.9,28.0
2010-05-31,0.0,19.9,23.0
2010-06-01,0.09,21.9,29.1
2010-06-02,0.0,19.9,23.0
2010-06-03,0.02,21.0,29.1
2010-06-04,0.0,16.1,19.9
2010-06-05,1.21,15.0,17.9
2010-06-06,0.01,28.0,36.0
2010-06-07,0.0,19.9,25.9
2010-06-08,0.01,25.1,32.0
2010-06-09,0.27,17.9,23.9
2010-06-10,0.2,14.1,19.9
2010-06-11,0.0,14.1,16.1
2010-06-12,0.37,13.0,25.9
2010-06-13,0.39,14.1,17.0
2010-06-14,0.0,13.0,15.0
2010-06-15,0.0,17.9,23.0
2010-06-16,0.36,19.9,28.0
2010-06-17,0.01,23.9,34.9
2010-06-18,0.0,14.1,17.9
2010-06-19,0.0,19.9,23.9
2010-06-20,0.0,21.0,25.1
2010-06-21,0.0,14.1,21.9
2010-06-22,0.06,13.0,14.1
2010-06-23,0.53,21.0,25.9
2010-06-24,0.0,28.0,34.9
2010-06-25,0.0,16.1,19.9
2010-06-26,0.0,17.0,23.0
2010-06-27,0.0,15.0,17.9
2010-06-28,0.66,28.0,34.9
2010-06-29,0.0,16.1,23.9
2010-06-30,0.0,17.9,25.1
2010-07-01,0.0,21.0,25.9
2010-07-02,0.0,23.9,32.0
2010-07-03,0.0,14.1,21.9
2010-07-04,0.0,17.0,23.0
2010-07-05,0.0,16.1,19.9
2010-07-06,0.0,16.1,23.0
2010-07-07,0.0,11.0,
2010-07-08,0.0,16.1,19.9
2010-07-09,0.36,17.9,23.0
2010-07-10,0.0,23.0,29.1
2010-07-11,0.0,13.0,23.9
2010-07-12,0.0,17.9,21.9
2010-07-13,0.21,16.1,21.0
2010-07-14,1.1,16.1,28.0
2010-07-15,0.0,15.0,17.9
2010-07-16,0.0,17.9,23.0
2010-07-17,0.0,19.9,25.1
2010-07-18,0.0,21.0,25.9
2010-07-19,0.79,17.0,21.0
2010-07-20,0.0,12.1,28.0
2010-07-21,0.07,17.9,21.9
2010-07-22,0.0,21.9,29.1
2010-07-23,0.77,17.9,21.9
2010-07-24,0.26,23.0,30.0
2010-07-25,0.09,17.0,23.0
2010-07-26,0.0,23.9,32.0
2010-07-27,0.0,14.1,21.9
2010-07-28,0.0,23.0,30.0
2010-07-29,0.03,17.0,23.0
2010-07-30,0.0,15.0,19.9
2010-07-31,0.0,14.1,17.9
2010-08-01,0.0,17.0,21.9
2010-08-02,0.0,17.0,21.0
2010-08-03,0.0,21.0,25.9
2010-08-04,0.0,17.9,23.0
2010-08-05,0.0,17.9,28.0
2010-08-06,0.0,21.0,25.9
2010-08-07,0.0,17.9,23.0
2010-08-08,0.0,21.0,25.9
2010-08-09,0.0,19.9,23.9
2010-08-10,0.04,15.0,17.0
2010-08-11,0.0,17.0,21.9
2010-08-12,0.0,15.0,17.9
2010-08-13,0.0,14.1,19.9
2010-08-14,0.0,16.1,17.9
2010-08-15,0.0,17.9,23.9
2010-08-16,0.08,21.0,25.1
2010-08-17,0.0,15.0,19.9
2010-08-18,0.0,12.1,14.1
2010-08-19,0.0,16.1,21.0
2010-08-20,0.0,16.1,30.0
2010-08-21,0.0,16.1,21.0
2010-08-22,1.42,21.0,25.9
2010-08-23,0.35,28.0,38.0
2010-08-24,0.31,25.9,36.0
2010-08-25,0.23,21.9,30.0
2010-08-26,0.0,19.9,23.9
2010-08-27,0.0,16.1,23.0
2010-08-28,0.0,14.1,17.9
2010-08-29,0.0,17.0,23.0
2010-08-30,0.0,16.1,21.0
2010-08-31,0.0,15.0,21.9
2010-09-01,0.0,13.0,23.0
2010-09-02,0.0,19.9,23.0
2010-09-03,0.99,17.9,23.0
2010-09-04,0.0,28.0,36.0
2010-09-05,0.0,19.9,23.9
2010-09-06,0.0,16.1,21.0
2010-09-07,0.0,21.0,25.9
2010-09-08,0.0,21.0,33.1
2010-09-09,0.0,21.0,25.9
2010-09-10,0.0,19.9,25.1
2010-09-11,0.0,17.0,21.9
2010-09-12,0.0,14.1,17.0
2010-09-13,0.0,16.1,17.9
2010-09-14,0.0,16.1,21.0
2010-09-15,0.0,17.9,25.1
2010-09-16,0.47,25.1,34.9
2010-09-17,0.35,23.0,30.0
2010-09-18,0.0,8.9,17.9
2010-09-19,0.0,14.1,17.0
2010-09-20,0.0,23.0,36.0
2010-09-21,0.0,17.0,21.9
2010-09-22,0.0,19.9,23.9
2010-09-23,0.0,14.1,19.9
2010-09-24,0.0,16.1,21.0
2010-09-25,0.0,21.0,25.9
2010-09-26,0.0,19.9,25.9
2010-09-27,0.06,13.0,15.0
2010-09-28,0.47,25.1,34.9
2010-09-29,0.0,17.9,23.0
2010-09-30,0.04,23.9,33.1
2010-10-01,0.39,30.0,38.0
2010-10-02,0.0,16.1,21.9
2010-10-03,0.02,23.0,28.0
2010-10-04,0.13,29.1,36.0
2010-10-05,0.19,23.9,30.0
2010-10-06,1.44,17.9,21.9
2010-10-07,0.0,23.0,32.0
2010-10-08,0.0,21.9,28.0
2010-10-09,0.0,17.9,25.1
2010-10-10,0.0,14.1,
2010-10-11,0.0,16.1,21.9
2010-10-12,0.0,12.1,14.1
2010-10-13,0.0,14.1,16.1
2010-10-14,0.64,21.0,25.9
2010-10-15,0.91,30.0,38.0
2010-10-16,0.0,30.0,40.9
2010-10-17,0.0,21.0,28.0
2010-10-18,0.0,17.9,28.0
2010-10-19,0.0,12.1,23.9
2010-10-20,0.0,14.1,16.1
2010-10-21,0.17,31.1,45.0
2010-10-22,0.0,23.9,36.0
2010-10-23,0.0,23.0,31.1
2010-10-24,0.0,12.1,13.0
2010-10-25,0.0,23.9,33.1
2010-10-26,0.04,23.0,34.9
2010-10-27,0.09,21.0,28.0
2010-10-28,0.0,19.9,25.1
2010-10-29,0.0,21.0,25.1
2010-10-30,0.0,23.0,30.0
2010-10-31,0.0,23.0,31.1
2010-11-01,0.0,17.9,25.1
2010-11-02,0.0,17.9,23.0
2010-11-03,0.0,17.0,21.0
2010-11-04,1.02,19.9,25.1
2010-11-05,0.34,23.0,30.0
2010-11-06,0.0,15.0,17.0
2010-11-07,0.02,19.9,25.9
2010-11-08,0.83,40.9,53.0
2010-11-09,0.08,25.9,33.1
2010-11-10,0.0,23.9,36.0
2010-11-11,0.0,25.9,33.1
2010-11-12,0.0,17.9,23.0
2010-11-13,0.0,14.1,17.9
2010-11-14,0.0,15.0,17.0
2010-11-15,0.0,8.9,12.1
2010-11-16,0.05,10.1,14.1
2010-11-17,1.45,30.0,42.9
2010-11-18,0.0,31.1,42.9
2010-11-19,0.0,17.9,23.9
2010-11-20,0.0,21.0,29.1
2010-11-21,0.0,15.0,17.9
2010-11-22,0.0,19.9,25.9
2010-11-23,0.0,23.0,31.1
2010-11-24,0.0,25.9,38.0
2010-11-25,0.0,14.1,21.0
2010-11-26,0.13,19.9,28.0
2010-11-27,0.0,23.0,31.1
2010-11-28,0.0,14.1,17.0
2010-11-29,0.0,12.1,14.1
2010-11-30,0.0,15.0,19.9
2010-12-01,0.62,33.1,47.0
2010-12-02,0.0,17.0,23.0
2010-12-03,0.0,16.1,23.0
2010-12-04,0.0,17.9,23.9
2010-12-05,0.0,17.0,23.0
2010-12-06,0.0,28.0,36.0
2010-12-07,0.0,23.0,32.0
2010-12-08,0.0,25.9,40.0
2010-12-09,0.0,21.0,25.1
2010-12-10,0.0,6.9,8.9
2010-12-11,0.0,13.0,16.1
2010-12-12,2.74,32.0,46.1
2010-12-13,0.04,17.0,23.0
2010-12-14,0.0,21.0,25.9
2010-12-15,0.0,23.0,30.0
2010-12-16,0.0,15.0,19.9
2010-12-17,0.0,15.0,21.0
2010-12-18,0.0,10.1,13.0
2010-12-19,0.0,16.1,21.0
2010-12-20,0.01,23.9,32.0
2010-12-21,0.0,25.9,33.1
2010-12-22,0.01,17.9,25.9
2010-12-23,0.0,23.0,33.1
2010-12-24,0.0,16.1,23.9
2010-12-25,0.0,8.9,13.0
2010-12-26,0.49,38.0,51.0
2010-12-27,0.13,40.0,53.9
2010-12-28,0.0,31.1,42.9
2010-12-29,0.0,15.0,23.0
2010-12-30,0.0,8.9,12.1
2010-12-31,0.0,10.1,13.0
2011-01-01,0.0,8.1,10.1
2011-01-02,0.15,21.0,25.9
2011-01-03,0.0,21.9,32.0
2011-01-04,0.0,21.0,28.0
2011-01-05,0.0,21.0,25.9
2011-01-06,0.0,10.1,14.1
2011-01-07,0.0,14.1,16.1
2011-01-08,0.13,16.1,21.9
2011-01-09,0.01,21.9,33.1
2011-01-10,0.0,21.0,25.9
2011-01-11,0.0,10.1,13.0
2011-01-12,1.08,31.1,42.9
2011-01-13,0.0,19.9,29.1
2011-01-14,0.0,10.1,14.1
2011-01-15,0.0,17.9,25.1
2011-01-16,0.0,17.9,25.1
2011-01-17,0.0,14.1,17.0
2011-01-18,1.1,17.9,23.9
2011-01-19,0.0,16.1,21.9
2011-01-20,0.0,15.0,21.0
2011-01-21,0.36,23.9,33.1
2011-01-22,0.0,19.9,25.9
2011-01-23,0.0,21.0,28.0
2011-01-24,0.0,15.0,19.9
2011-01-25,0.14,13.0,16.1
2011-01-26,0.28,25.9,36.0
2011-01-27,0.5,29.1,36.9
2011-01-28,0.0,8.1,8.9
2011-01-29,0.0,12.1,14.1
2011-01-30,0.0,15.0,21.0
2011-01-31,0.0,15.0,17.9
2011-02-01,0.47,19.9,23.9
2011-02-02,0.89,21.0,23.9
2011-02-03,0.0,17.0,23.9
2011-02-04,0.0,17.0,21.9
2011-02-05,0.54,33.1,45.0
2011-02-06,0.0,28.0,38.9
2011-02-07,0.0,16.1,17.9
2011-02-08,0.27,33.1,45.0
2011-02-09,0.0,21.0,30.0
2011-02-10,0.0,17.9,23.9
2011-02-11,0.0,17.0,21.9
2011-02-12,0.0,23.9,34.9
2011-02-13,0.0,23.0,30.0
2011-02-14,0.0,28.0,40.0
2011-02-15,0.0,29.1,42.9
2011-02-16,0.0,21.0,25.9
2011-02-17,0.0,12.1,14.1
2011-02-18,0.0,25.1,36.9
2011-02-19,0.0,36.0,51.0
2011-02-20,0.0,23.9,36.9
2011-02-21,0.06,21.9,28.0
2011-02-22,0.0,17.0,21.9
2011-02-23,0.0,19.9,25.1
2011-02-24,0.0,15.0,17.9
2011-02-25,1.81,40.0,48.1
2011-02-26,0.0,17.0,29.1
2011-02-27,0.18,17.9,21.9
2011-02-28,0.58,23.9,34.9
2011-03-01,0.0,25.1,32.0
2011-03-02,0.0,30.0,38.9
2011-03-03,0.0,23.0,31.1
2011-03-04,0.0,17.0,21.9
2011-03-05,0.01,29.1,36.9
2011-03-06,0.09,31.1,44.1
2011-03-07,0.54,31.1,42.9
2011-03-08,0.0,15.0,19.9
2011-03-09,0.0,17.9,23.9
2011-03-10,0.1,21.0,29.1
2011-03-11,0.35,21.9,29.1
2011-03-12,0.0,23.0,31.1
2011-03-13,0.0,23.9,36.0
2011-03-14,0.0,13.0,16.1
2011-03-15,0.0,17.0,21.0
2011-03-16,0.65,15.0,17.0
2011-03-17,0.0,16.1,17.9
2011-03-18,0.0,28.0,36.9
2011-03-19,0.0,23.0,30.0
2011-03-20,0.0,17.0,21.9
2011-03-21,0.32,23.9,31.1
2011-03-22,0.0,25.1,33.1
2011-03-23,0.0,10.1,
2011-03-24,0.04,21.0,25.9
2011-03-25,0.0,17.0,23.0
2011-03-26,0.0,21.0,28.0
2011-03-27,0.0,21.9,30.0
2011-03-28,0.0,25.1,32.0
2011-03-29,0.0,21.0,25.9
2011-03-30,0.0,19.9,28.0
2011-03-31,0.45,16.1,21.9
2011-04-01,0.41,23.0,30.0
2011-04-02,0.0,21.9,31.1
2011-04-03,0.0,23.9,34.9
2011-04-04,0.11,19.9,25.1
2011-04-05,0.04,36.0,46.1
2011-04-06,0.0,25.1,33.1
2011-04-07,0.0,17.9,23.0
2011-04-08,0.0,17.9,21.9
2011-04-09,0.0,21.0,23.9
2011-04-10,0.0,21.0,23.9
2011-04-11,0.0,19.9,25.9
2011-04-12,0.29,17.9,25.9
2011-04-13,1.95,19.9,25.1
2011-04-14,0.0,19.9,25.9
2011-04-15,0.0,17.0,25.9
2011-04-16,0.29,33.1,47.0
2011-04-17,1.03,34.9,51.0
2011-04-18,0.01,21.9,28.0
2011-04-19,0.03,17.0,21.0
2011-04-20,0.0,14.1,15.0
2011-04-21,0.0,31.1,44.1
2011-04-22,0.0,19.9,23.0
2011-04-23,0.66,23.9,32.0
2011-04-24,0.01,14.1,23.0
2011-04-25,0.0,13.0,15.0
2011-04-26,0.0,21.9,28.0
2011-04-27,0.15,29.1,36.9
2011-04-28,0.43,33.1,44.1
2011-04-29,0.0,23.0,32.0
2011-04-30,0.0,16.1,21.0
2011-05-01,0.0,17.9,25.9
2011-05-02,0.0,17.9,21.9
2011-05-03,0.0,19.9,23.9
2011-05-04,0.3,16.1,23.9
2011-05-05,0.01,25.9,38.0
2011-05-06,0.0,28.0,42.9
2011-05-07,0.06,25.1,30.0
2011-05-08,0.0,23.0,28.0
2011-05-09,0.0,25.9,36.9
2011-05-10,0.03,25.9,38.0
2011-05-11,0.0,25.9,36.0
2011-05-12,0.0,23.0,28.0
2011-05-13,0.0,19.9,21.9
2011-05-14,0.04,17.0,21.0
2011-05-15,0.39,16.1,19.9
2011-05-16,0.04,19.9,23.0
2011-05-17,0.24,17.9,23.9
2011-05-18,0.12,14.1,16.1
2011-05-19,0.95,14.1,17.0
2011-05-20,0.36,14.1,16.1
2011-05-21,0.0,17.0,21.0
2011-05-22,0.0,17.0,21.9
2011-05-23,0.07,19.9,23.9
2011-05-24,0.3,21.9,30.0
2011-05-25,0.0,19.9,23.9
2011-05-26,0.0,19.9,23.0
2011-05-27,0.0,17.0,21.0
2011-05-28,0.0,21.9,30.0
2011-05-29,0.0,19.9,25.9
2011-05-30,0.0,16.1,21.0
2011-05-31,0.0,15.0,17.9
2011-06-01,0.0,23.0,30.0
2011-06-02,0.0,28.0,38.0
2011-06-03,0.0,21.9,33.1
2011-06-04,0.0,19.9,23.9
2011-06-05,0.02,16.1,19.9
2011-06-06,0.0,15.0,21.0
2011-06-07,0.0,15.0,19.9
2011-06-08,0.0,17.0,28.0
2011-06-09,0.64,33.1,46.1
2011-06-10,0.06,17.0,23.0
2011-06-11,0.26,17.9,23.0
2011-06-12,1.64,17.9,23.9
2011-06-13,0.02,15.0,17.9
2011-06-14,0.02,17.9,25.1
2011-06-15,0.0,21.0,33.1
2011-06-16,0.0,15.0,17.9
2011-06-17,0.43,19.9,28.0
2011-06-18,0.0,15.0,19.9
2011-06-19,0.0,14.1,17.9
2011-06-20,0.0,17.0,21.0
2011-06-21,0.0,16.1,21.9
2011-06-22,0.35,13.0,17.9
2011-06-23,0.56,17.9,23.9
2011-06-24,0.0,15.0,17.9
2011-06-25,0.02,14.1,16.1
2011-06-26,0.0,16.1,19.9
2011-06-27,0.0,15.0,19.9
2011-06-28,0.0,15.0,17.9
2011-06-29,0.04,21.0,23.0
2011-06-30,0.0,17.0,23.9
2011-07-01,0.03,12.1,17.0
2011-07-02,0.0,17.0,21.9
2011-07-03,0.16,16.1,21.0
2011-07-04,0.0,17.0,23.0
2011-07-05,0.0,14.1,17.0
2011-07-06,0.0,19.9,23.9
2011-07-07,0.0,12.1,16.1
2011-07-08,2.25,15.0,17.0
2011-07-09,0.15,17.9,23.0
2011-07-10,0.0,17.0,21.0
2011-07-11,0.0,17.0,21.9
2011-07-12,0.0,19.9,23.9
2011-07-13,0.51,23.0,31.1
2011-07-14,0.0,19.9,25.1
2011-07-15,0.03,16.1,19.9
2011-07-16,0.0,17.0,23.9
2011-07-17,0.0,21.9,28.0
2011-07-18,0.0,17.0,23.0
2011-07-19,0.0,13.0,17.9
2011-07-20,0.0,21.0,25.9
2011-07-21,0.0,23.9,32.0
2011-07-22,0.0,19.9,23.9
2011-07-23,0.1,16.1,19.9
2011-07-24,0.0,14.1,16.1
2011-07-25,0.1,10.1,14.1
2011-07-26,0.08,19.9,23.0
2011-07-27,0.0,14.1,23.9
2011-07-28,0.0,13.0,16.1
2011-07-29,0.0,17.9,23.0
2011-07-30,0.0,19.9,25.9
2011-07-31,0.0,17.0,23.0
2011-08-01,0.0,17.9,23.0
2011-08-02,0.0,19.9,23.9
2011-08-03,0.0,16.1,19.9
2011-08-04,0.0,16.1,19.9
2011-08-05,0.0,16.1,19.9
2011-08-06,0.0,16.1,21.0
2011-08-07,2.25,21.0,25.9
2011-08-08,0.12,15.0,21.0
2011-08-09,0.69,17.9,25.1
2011-08-10,0.0,16.1,21.9
2011-08-11,0.0,17.0,21.0
2011-08-12,0.0,16.1,21.0
2011-08-13,0.0,13.0,13.0
2011-08-14,0.04,15.0,19.9
2011-08-15,2.19,21.0,25.1
2011-08-16,0.0,15.0,17.0
2011-08-17,0.0,17.9,21.0
2011-08-18,0.0,19.9,25.1
2011-08-19,0.0,16.1,21.0
2011-08-20,0.59,15.0,21.0
2011-08-21,0.02,21.0,25.9
2011-08-22,0.14,23.0,30.0
2011-08-23,0.0,15.0,17.9
2011-08-24,0.0,19.9,25.9
2011-08-25,0.0,23.9,31.1
2011-08-26,0.0,14.1,21.9
2011-08-27,0.45,17.0,21.9
2011-08-28,1.53,42.9,64.0
2011-08-29,0.0,19.9,25.1
2011-08-30,0.0,13.0,21.0
2011-08-31,0.0,12.1,17.0
2011-09-01,0.0,13.0,15.0
2011-09-02,0.0,12.1,17.9
2011-09-03,0.0,16.1,21.0
2011-09-04,0.0,19.9,23.0
2011-09-05,0.0,23.0,28.0
2011-09-06,1.77,28.0,32.0
2011-09-07,0.2,14.1,17.9
2011-09-08,1.92,17.0,21.9
2011-09-09,0.0,16.1,21.0
2011-09-10,0.0,14.1,17.0
2011-09-11,0.0,12.1,17.0
2011-09-12,0.0,16.1,28.0
2011-09-13,0.0,19.9,25.1
2011-09-14,0.0,17.9,23.9
2011-09-15,0.24,23.9,30.0
2011-09-16,0.0,19.9,21.0
2011-09-17,0.0,12.1,16.1
2011-09-18,0.0,17.9,25.1
2011-09-19,0.0,13.0,17.0
2011-09-20,0.01,16.1,30.0
2011-09-21,0.02,17.0,21.0
2011-09-22,0.13,12.1,19.9
2011-09-23,0.67,12.1,28.0
2011-09-24,0.44,13.0,17.0
2011-09-25,0.0,6.9,8.9
2011-09-26,0.0,8.9,12.1
2011-09-27,0.0,14.1,17.0
2011-09-28,0.31,17.0,21.0
2011-09-29,0.73,17.0,23.9
2011-09-30,0.16,21.0,25.1
2011-10-01,0.28,15.0,17.0
2011-10-02,0.02,13.0,16.1
2011-10-03,0.46,13.0,17.9
2011-10-04,0.14,17.0,21.9
2011-10-05,0.0,23.0,33.1
2011-10-06,0.0,19.9,28.0
2011-10-07,0.0,12.1,15.0
2011-10-08,0.0,10.1,14.1
2011-10-09,0.0,13.0,17.0
2011-10-10,0.0,14.1,17.9
2011-10-11,0.0,12.1,15.0
2011-10-12,0.1,15.0,17.9
2011-10-13,0.54,16.1,19.9
2011-10-14,0.74,17.0,25.1
2011-10-15,0.0,25.9,38.9
2011-10-16,0.0,23.0,34.9
2011-10-17,0.01,21.9,34.9
2011-10-18,0.0,13.0,17.0
2011-10-19,1.57,23.9,30.0
2011-10-20,0.54,32.0,42.9
2011-10-21,0.0,17.0,23.0
2011-10-22,0.0,13.0,17.0
2011-10-23,0.0,8.9,
2011-10-24,0.0,15.0,17.9
2011-10-25,0.02,23.0,32.0
2011-10-26,0.0,8.9,10.1
2011-10-27,0.9,21.9,30.0
2011-10-28,0.0,19.9,25.1
2011-10-29,1.03,25.9,38.0
2011-10-30,0.12,29.1,44.1
2011-10-31,0.0,12.1,14.1
2011-11-01,0.0,17.9,23.0
2011-11-02,0.0,10.1,19.9
2011-11-03,0.0,17.0,21.9
2011-11-04,0.0,25.9,33.1
2011-11-05,0.0,16.1,23.0
2011-11-06,0.0,16.1,21.0
2011-11-07,0.0,17.0,21.9
2011-11-08,0.0,10.1,13.0
2011-11-09,0.0,15.0,17.9
2011-11-10,1.4,13.0,17.0
2011-11-11,0.0,25.1,34.9
2011-11-12,0.0,23.9,36.9
2011-11-13,0.0,23.9,33.1
2011-11-14,0.0,17.9,25.1
2011-11-15,0.0,17.0,25.1
2011-11-16,0.92,8.1,12.1
2011-11-17,0.15,17.9,23.9
2011-11-18,0.0,19.9,25.9
2011-11-19,0.0,23.0,29.1
2011-11-20,0.0,21.9,25.9
2011-11-21,0.0,16.1,21.9
2011-11-22,0.23,10.1,13.0
2011-11-23,1.38,23.9,31.1
2011-11-24,0.0,21.9,25.1
2011-11-25,0.0,13.0,16.1
2011-11-26,0.0,12.1,15.0
2011-11-27,0.0,14.1,19.9
2011-11-28,0.0,21.0,31.1
2011-11-29,0.31,23.9,36.0
2011-11-30,0.4,32.0,40.0
2011-12-01,0.0,17.9,23.9
2011-12-02,0.0,17.9,23.9
2011-12-03,0.0,16.1,17.9
2011-12-04,0.0,21.0,25.1
2011-12-05,0.0,12.1,13.0
2011-12-06,0.23,16.1,21.0
2011-12-07,1.55,23.0,28.0
2011-12-08,0.75,31.1,42.9
2011-12-09,0.0,21.0,30.0
2011-12-10,0.02,15.0,19.9
2011-12-11,0.0,8.1,12.1
2011-12-12,0.0,13.0,15.0
2011-12-13,0.0,14.1,17.0
2011-12-14,0.0,12.1,14.1
2011-12-15,0.12,28.0,36.9
2011-12-16,0.0,29.1,40.0
2011-12-17,0.0,17.0,21.9
2011-12-18,0.0,17.9,23.0
2011-12-19,0.0,23.9,36.0
2011-12-20,0.0,17.9,23.0
2011-12-21,0.14,23.9,33.1
2011-12-22,0.04,42.9,59.9
2011-12-23,0.57,17.9,25.1
2011-12-24,0.0,15.0,17.9
2011-12-25,0.0,10.1,14.1
2011-12-26,0.0,23.9,30.0
2011-12-27,0.49,32.0,46.1
2011-12-28,0.04,28.0,38.0
2011-12-29,0.0,23.9,34.9
2011-12-30,0.0,16.1,21.0
2011-12-31,0.0,12.1,14.1
2012-01-01,0.05,19.9,23.0
2012-01-02,0.0,23.9,31.1
2012-01-03,0.0,21.0,28.0
2012-01-04,0.0,19.9,25.9
2012-01-05,0.0,17.0,23.0
2012-01-06,0.0,23.0,28.0
2012-01-07,0.0,23.0,30.0
2012-01-08,0.0,17.0,21.0
2012-01-09,0.0,14.1,16.1
2012-01-10,0.01,19.9,28.0
2012-01-11,0.0,13.0,16.1
2012-01-12,1.54,25.9,32.0
2012-01-13,0.05,36.0,48.1
2012-01-14,0.0,21.9,32.0
2012-01-15,0.0,21.0,28.0
2012-01-16,0.13,19.9,28.0
2012-01-17,0.18,17.0,21.9
2012-01-18,0.0,28.0,44.1
2012-01-19,0.25,13.0,16.1
2012-01-20,0.02,17.9,23.0
2012-01-21,0.41,21.0,25.9
2012-01-22,0.0,19.9,23.0
2012-01-23,0.18,14.1,17.9
2012-01-24,0.02,17.0,23.9
2012-01-25,0.0,17.9,23.0
2012-01-26,0.11,13.0,15.0
2012-01-27,0.45,28.0,36.0
2012-01-28,0.0,19.9,25.9
2012-01-29,0.0,19.9,28.0
2012-01-30,0.0,25.1,34.9
2012-01-31,0.0,15.0,19.9
2012-02-01,0.02,21.0,29.1
2012-02-02,0.0,16.1,21.0
2012-02-03,0.0,17.0,23.0
2012-02-04,0.0,16.1,21.9
2012-02-05,0.0,13.0,16.1
2012-02-06,0.0,19.9,25.1
2012-02-07,0.0,17.9,23.9
2012-02-08,0.0,13.0,15.0
2012-02-09,0.0,16.1,21.0
2012-02-10,0.03,21.0,25.9
2012-02-11,0.1,21.9,29.1
2012-02-12,0.0,30.0,40.0
2012-02-13,0.0,23.9,30.0
2012-02-14,0.0,10.1,14.1
2012-02-15,0.01,8.9,12.1
2012-02-16,0.07,10.1,12.1
2012-02-17,0.02,17.0,21.9
2012-02-18,0.0,19.9,23.9
2012-02-19,0.0,15.0,17.0
2012-02-20,0.0,23.0,30.0
2012-02-21,0.06,21.9,25.1
2012-02-22,0.0,21.0,28.0
2012-02-23,0.0,23.9,32.0
2012-02-24,0.48,21.0,28.0
2012-02-25,0.0,36.0,47.0
2012-02-26,0.0,23.0,33.1
2012-02-27,0.0,23.9,31.1
2012-02-28,0.0,29.1,36.9
2012-02-29,0.7,13.0,16.1
2012-03-01,0.44,23.0,28.0
2012-03-02,0.04,17.9,23.0
2012-03-03,0.31,21.0,28.0
2012-03-04,0.0,8.9,13.0
2012-03-05,0.0,21.0,28.0
2012-03-06,0.0,15.0,21.9
2012-03-07,0.0,23.9,32.0
2012-03-08,0.0,36.0,46.1
2012-03-09,0.07,25.9,48.1
2012-03-10,0.0,21.0,28.0
2012-03-11,0.0,19.9,32.0
2012-03-12,0.0,16.1,21.0
2012-03-13,0.01,17.0,25.1
2012-03-14,0.0,17.9,25.1
2012-03-15,0.01,15.0,17.9
2012-03-16,0.0,10.1,13.0
2012-03-17,0.0,8.9,12.1
2012-03-18,0.0,14.1,17.0
2012-03-19,0.0,16.1,17.9
2012-03-20,0.0,17.9,23.0
2012-03-21,0.0,17.0,21.9
2012-03-22,0.0,17.0,28.0
2012-03-23,0.0,19.9,23.0
2012-03-24,0.0,16.1,19.9
2012-03-25,0.0,16.1,17.9
2012-03-26,0.0,34.9,46.1
2012-03-27,0.0,23.9,33.1
2012-03-28,0.18,23.9,31.1
2012-03-29,0.0,17.9,25.1
2012-03-30,0.0,17.9,25.9
2012-03-31,0.25,12.1,16.1
2012-04-01,0.11,16.1,19.9
2012-04-02,0.06,25.9,33.1
2012-04-03,0.0,23.0,32.0
2012-04-04,0.0,23.9,36.0
2012-04-05,0.0,19.9,25.9
2012-04-06,0.0,17.9,25.1
2012-04-07,0.0,21.0,28.0
2012-04-08,0.0,17.9,23.9
2012-04-09,0.0,28.0,38.9
2012-04-10,0.01,25.9,32.0
2012-04-11,0.02,19.9,25.9
2012-04-12,0.06,17.9,23.9
2012-04-13,0.0,17.0,21.9
2012-04-14,0.0,19.9,25.1
2012-04-15,0.02,16.1,21.0
2012-04-16,0.0,21.0,23.9
2012-04-17,0.0,17.9,23.9
2012-04-18,0.0,17.9,25.9
2012-04-19,0.0,19.9,23.9
2012-04-20,0.0,23.0,25.9
2012-04-21,0.01,21.0,25.1
2012-04-22,1.59,28.0,32.0
2012-04-23,1.6,28.0,42.9
2012-04-24,0.0,29.1,36.9
2012-04-25,0.02,21.9,31.1
2012-04-26,0.0,19.9,23.0
2012-04-27,0.0,25.9,36.0
2012-04-28,0.0,21.9,29.1
2012-04-29,0.0,21.9,32.0
2012-04-30,0.0,17.0,21.9
2012-05-01,0.57,17.9,25.9
2012-05-02,0.0,13.0,17.0
2012-05-03,0.2,8.1,12.1
2012-05-04,0.02,13.0,15.0
2012-05-05,0.01,8.1,12.1
2012-05-06,0.0,15.0,17.9
2012-05-07,0.0,21.0,25.1
2012-05-08,0.07,25.1,32.0
2012-05-09,0.74,15.0,21.9
2012-05-10,0.68,21.9,29.1
2012-05-11,0.0,21.9,30.0
2012-05-12,0.0,17.9,25.1
2012-05-13,0.0,19.9,25.9
2012-05-14,0.0,21.9,28.0
2012-05-15,0.53,17.9,23.0
2012-05-16,0.82,14.1,17.0
2012-05-17,0.0,17.0,23.0
2012-05-18,0.0,16.1,21.0
2012-05-19,0.0,15.0,17.9
2012-05-20,0.0,14.1,17.0
2012-05-21,0.07,12.1,15.0
2012-05-22,0.53,14.1,17.9
2012-05-23,0.0,12.1,14.1
2012-05-24,0.0,15.0,17.9
2012-05-25,0.0,12.1,16.1
2012-05-26,0.0,14.1,17.9
2012-05-27,0.0,15.0,19.9
2012-05-28,0.0,19.9,23.9
2012-05-29,0.0,23.9,31.1
2012-05-30,0.0,10.1,14.1
2012-05-31,0.0,15.0,19.9
2012-06-01,0.0,17.0,21.9
2012-06-02,1.22,23.0,32.0
2012-06-03,0.53,21.9,25.9
2012-06-04,0.1,23.0,31.1
2012-06-05,0.07,17.0,23.0
2012-06-06,0.25,13.0,15.0
2012-06-07,0.13,23.9,31.1
2012-06-08,0.03,19.9,23.9
2012-06-09,0.02,14.1,16.1
2012-06-10,0.0,16.1,19.9
2012-06-11,0.0,16.1,21.0
2012-06-12,0.08,17.0,21.9
2012-06-13,0.39,14.1,16.1
2012-06-14,0.0,19.9,25.1
2012-06-15,0.0,19.9,25.1
2012-06-16,0.0,17.0,21.9
2012-06-17,0.0,15.0,19.9
2012-06-18,0.0,16.1,21.0
2012-06-19,0.0,15.0,19.9
2012-06-20,0.0,15.0,21.0
2012-06-21,0.0,15.0,23.0
2012-06-22,0.73,31.1,38.0
2012-06-23,0.04,25.1,31.1
2012-06-24,0.0,16.1,23.0
2012-06-25,1.34,17.0,23.0
2012-06-26,0.0,21.9,32.0
2012-06-27,0.0,17.9,25.1
2012-06-28,0.0,17.9,23.9
2012-06-29,0.09,17.9,21.9
2012-06-30,0.0,17.0,23.0
2012-07-01,0.07,29.1,38.0
2012-07-02,0.08,17.9,23.9
2012-07-03,0.0,15.0,21.0
2012-07-04,0.1,14.1,19.9
2012-07-05,0.0,17.9,23.0
2012-07-06,0.0,12.1,17.9
2012-07-07,0.0,13.0,19.9
2012-07-08,0.0,15.0,21.9
2012-07-09,0.0,17.0,21.9
2012-07-10,0.0,16.1,21.0
2012-07-11,0.0,17.0,23.0
2012-07-12,0.0,17.0,21.0
2012-07-13,0.0,17.0,23.9
2012-07-14,0.0,17.0,25.9
2012-07-15,0.01,15.0,17.0
2012-07-16,0.0,17.9,21.0
2012-07-17,0.0,21.9,29.1
2012-07-18,0.73,31.1,44.1
2012-07-19,0.0,14.1,19.9
2012-07-20,0.16,8.1,10.1
2012-07-21,0.0,15.0,21.0
2012-07-22,0.0,19.9,23.0
2012-07-23,0.01,17.9,21.9
2012-07-24,0.3,21.9,30.0
2012-07-25,0.0,17.9,23.9
2012-07-26,0.02,17.9,25.1
2012-07-27,0.06,17.0,19.9
2012-07-28,1.09,19.9,25.1
2012-07-29,0.0,15.0,19.9
2012-07-30,0.0,16.1,19.9
2012-07-31,0.11,13.0,16.1
2012-08-01,0.0,19.9,23.9
2012-08-02,0.0,15.0,21.9
2012-08-03,0.0,16.1,21.0
2012-08-04,0.0,16.1,19.9
2012-08-05,0.09,23.9,31.1
2012-08-06,0.0,17.0,23.0
2012-08-07,0.0,17.0,21.0
2012-08-08,0.0,17.0,21.9
2012-08-09,0.0,17.0,23.9
2012-08-10,1.97,28.0,36.0
2012-08-11,0.06,19.9,23.9
2012-08-12,0.23,16.1,21.0
2012-08-13,0.0,14.1,17.9
2012-08-14,0.0,13.0,17.0
2012-08-15,0.94,17.9,25.1
2012-08-16,0.0,15.0,19.9
2012-08-17,0.0,17.9,23.0
2012-08-18,0.52,13.0,16.1
2012-08-19,0.0,13.0,21.0
2012-08-20,0.0,10.1,13.0
2012-08-21,0.0,13.0,17.0
2012-08-22,0.0,15.0,19.9
2012-08-23,0.0,16.1,21.0
2012-08-24,0.0,13.0,15.0
2012-08-25,0.0,13.0,23.0
2012-08-26,0.0,13.0,16.1
2012-08-27,0.01,17.9,23.0
2012-08-28,0.15,16.1,21.9
2012-08-29,0.0,16.1,23.0
2012-08-30,0.0,17.9,21.9
2012-08-31,0.0,17.0,25.9
2012-09-01,0.0,16.1,23.9
2012-09-02,0.0,15.0,17.9
2012-09-03,0.0,16.1,19.9
2012-09-04,0.74,13.0,23.9
2012-09-05,1.59,17.9,25.9
2012-09-06,0.0,14.1,16.1
2012-09-07,0.0,15.0,19.9
2012-09-08,0.18,25.1,36.9
2012-09-09,0.03,10.1,21.0
2012-09-10,0.0,21.0,28.0
2012-09-11,0.0,13.0,17.9
2012-09-12,0.0,16.1,21.0
2012-09-13,0.0,16.1,21.0
2012-09-14,0.0,17.0,21.0
2012-09-15,0.0,17.9,23.9
2012-09-16,0.0,17.0,23.0
2012-09-17,0.0,13.0,15.0
2012-09-18,0.19,32.0,42.9
2012-09-19,0.58,38.0,51.9
2012-09-20,0.0,15.0,21.9
2012-09-21,0.0,13.0,16.1
2012-09-22,0.0,21.0,25.1
2012-09-23,0.17,19.9,23.9
2012-09-24,0.0,15.0,21.0
2012-09-25,0.0,23.0,31.1
2012-09-26,0.0,21.0,28.0
2012-09-27,0.0,15.0,17.9
2012-09-28,1.64,17.0,23.9
2012-09-29,0.13,14.1,17.0
2012-09-30,0.18,10.1,14.1
2012-10-01,0.0,21.9,30.0
2012-10-02,0.36,10.1,12.1
2012-10-03,0.0,8.9,15.0
2012-10-04,0.17,10.1,14.1
2012-10-05,0.0,15.0,19.9
2012-10-06,0.09,25.1,34.9
2012-10-07,0.19,10.1,14.1
2012-10-08,0.0,12.1,16.1
2012-10-09,0.0,17.0,21.0
2012-10-10,0.34,23.0,30.0
2012-10-11,0.0,17.9,25.9
2012-10-12,0.01,19.9,25.1
2012-10-13,0.0,14.1,21.9
2012-10-14,0.01,25.9,34.9
2012-10-15,0.23,23.9,31.1
2012-10-16,0.03,23.9,32.0
2012-10-17,0.0,12.1,14.1
2012-10-18,0.0,14.1,17.0
2012-10-19,0.23,23.9,33.1
2012-10-20,0.46,23.0,31.1
2012-10-21,0.0,17.0,23.9
2012-10-22,0.0,21.0,29.1
2012-10-23,0.06,14.1,17.0
2012-10-24,0.0,12.1,14.1
2012-10-25,0.0,12.1,13.0
2012-10-26,0.0,16.1,19.9
2012-10-27,0.0,14.1,17.9
2012-10-28,0.04,25.9,33.1
2012-10-29,0.76,40.9,59.1
2012-10-30,0.58,19.9,25.1
2012-10-31,0.07,15.0,17.9
2012-11-01,0.0,17.9,23.9
2012-11-02,0.0,17.9,23.9
2012-11-03,0.0,17.0,21.9
2012-11-04,0.0,17.0,23.0
2012-11-05,0.0,17.0,21.9
2012-11-06,0.0,14.1,17.0
2012-11-07,0.4,33.1,42.9
2012-11-08,0.02,36.0,47.0
2012-11-09,0.0,21.0,32.0
2012-11-10,0.0,12.1,15.0
2012-11-11,0.0,16.1,19.9
2012-11-12,0.0,19.9,28.0
2012-11-13,0.18,23.0,30.0
2012-11-14,0.0,21.0,23.9
2012-11-15,0.0,17.0,21.9
2012-11-16,0.0,14.1,16.1
2012-11-17,0.0,15.0,17.9
2012-11-18,0.0,14.1,17.0
2012-11-19,0.0,13.0,16.1
2012-11-20,0.0,13.0,17.0
2012-11-21,0.0,15.0,21.9
2012-11-22,0.0,8.9,13.0
2012-11-23,0.0,14.1,16.1
2012-11-24,0.0,25.1,34.9
2012-11-25,0.0,23.0,36.0
2012-11-26,0.0,19.9,29.1
2012-11-27,0.31,12.1,14.1
2012-11-28,0.0,17.0,21.0
2012-11-29,0.0,17.0,21.0
2012-11-30,0.0,15.0,17.9
2012-12-01,0.02,13.0,
2012-12-02,0.0,15.0,19.9
2012-12-03,0.0,17.0,25.1
2012-12-04,0.01,17.9,25.1
2012-12-05,0.03,23.9,34.9
2012-12-06,0.0,19.9,25.9
2012-12-07,0.05,6.0,8.1
2012-12-08,0.38,13.0,15.0
2012-12-09,0.12,16.1,21.0
2012-12-10,1.02,17.0,23.0
2012-12-11,0.01,17.0,23.0
2012-12-12,0.0,14.1,19.9
2012-12-13,0.0,12.1,14.1
2012-12-14,0.0,19.9,25.1
2012-12-15,0.0,13.0,16.1
2012-12-16,0.25,14.1,21.0
2012-12-17,0.44,14.1,17.0
2012-12-18,0.49,15.0,21.0
2012-12-19,0.0,29.1,38.0
2012-12-20,0.0,14.1,17.0
2012-12-21,0.68,36.0,55.0
2012-12-22,0.0,30.0,40.9
2012-12-23,0.0,25.1,36.0
2012-12-24,0.0,12.1,14.1
2012-12-25,0.06,14.1,16.1
2012-12-26,0.32,23.0,28.0
2012-12-27,0.91,31.1,44.1
2012-12-28,0.0,25.1,31.1
2012-12-29,0.76,17.9,25.1
2012-12-30,0.0,28.0,36.9
2012-12-31,0.0,19.9,25.1
2013-01-01,0.0,23.9,29.1
2013-01-02,0.0,21.0,28.0
2013-01-03,0.0,16.1,23.0
2013-01-04,0.0,21.0,25.9
2013-01-05,0.0,17.0,23.9
2013-01-06,0.03,19.9,23.0
2013-01-07,0.0,21.0,25.9
2013-01-08,0.0,25.1,32.0
2013-01-09,0.0,21.9,25.9
2013-01-10,0.0,34.9,47.0
2013-01-11,0.2,10.1,15.0
2013-01-12,0.05,8.1,10.1
2013-01-13,0.0,16.1,21.0
2013-01-14,0.01,17.9,23.9
2013-01-15,0.13,10.1,14.1
2013-01-16,0.54,14.1,16.1
2013-01-17,0.0,19.9,25.9
2013-01-18,0.0,21.9,33.1
2013-01-19,0.0,32.0,42.9
2013-01-20,0.0,33.1,45.0
2013-01-21,0.11,19.9,25.9
2013-01-22,0.01,21.9,33.1
2013-01-23,0.0,23.0,31.1
2013-01-24,0.0,23.0,31.1
2013-01-25,0.03,17.0,21.9
2013-01-26,0.01,21.9,32.0
2013-01-27,0.0,17.9,25.1
2013-01-28,0.12,14.1,16.1
2013-01-29,0.05,10.1,13.0
2013-01-30,0.02,36.0,46.1
2013-01-31,0.62,42.9,59.9
2013-02-01,0.0,23.0,30.0
2013-02-02,0.0,17.9,23.9
2013-02-03,0.0,14.1,17.0
2013-02-04,0.0,23.0,31.1
2013-02-05,0.03,6.9,6.9
2013-02-06,0.0,17.0,23.0
2013-02-07,0.0,14.1,17.9
2013-02-08,1.1,46.1,63.1
2013-02-09,0.53,29.1,38.0
2013-02-10,0.0,13.0,19.9
2013-02-11,0.38,17.0,25.1
2013-02-12,0.0,23.0,30.0
2013-02-13,0.0,14.1,16.1
2013-02-14,0.09,15.0,17.9
2013-02-15,0.0,17.0,23.0
2013-02-16,0.03,19.9,25.9
2013-02-17,0.13,34.9,44.1
2013-02-18,0.0,28.0,36.0
2013-02-19,0.62,21.9,30.0
2013-02-20,0.0,19.9,34.9
2013-02-21,0.0,25.1,33.1
2013-02-22,0.0,15.0,21.0
2013-02-23,0.38,14.1,17.9
2013-02-24,0.34,23.0,30.0
2013-02-25,0.01,16.1,19.9
2013-02-26,0.0,13.0,13.0
2013-02-27,1.39,23.0,55.9
2013-02-28,0.0,13.0,23.0
2013-03-01,0.0,19.9,25.1
2013-03-02,0.0,11.0,16.1
2013-03-03,0.0,15.0,25.1
2013-03-04,0.0,23.0,32.0
2013-03-05,0.0,14.1,23.0
2013-03-06,0.01,32.0,40.0
2013-03-07,0.16,34.9,45.0
2013-03-08,0.21,28.0,36.0
2013-03-09,0.0,23.9,32.0
2013-03-10,0.0,13.0,17.0
2013-03-11,0.0,21.0,23.9
2013-03-12,0.95,28.0,36.9
2013-03-13,0.0,19.9,25.1
2013-03-14,0.0,29.1,38.9
2013-03-15,0.0,23.0,32.0
2013-03-16,0.0,15.0,17.9
2013-03-17,0.0,21.9,31.1
2013-03-18,0.15,17.0,21.0
2013-03-19,1.1,21.9,31.1
2013-03-20,0.0,23.9,31.1
2013-03-21,0.0,15.0,19.9
2013-03-22,0.0,21.0,30.0
2013-03-23,0.0,29.1,40.0
2013-03-24,0.0,17.0,21.9
2013-03-25,0.02,29.1,36.9
2013-03-26,0.03,21.0,25.1
2013-03-27,0.0,19.9,25.9
2013-03-28,0.0,19.9,23.9
2013-03-29,0.0,17.0,23.9
2013-03-30,0.0,16.1,23.9
2013-03-31,0.31,25.1,36.9
2013-04-01,0.08,29.1,40.0
2013-04-02,0.0,25.9,33.1
2013-04-03,0.0,28.0,33.1
2013-04-04,0.0,19.9,23.9
2013-04-05,0.0,23.0,32.0
2013-04-06,0.0,23.9,30.0
2013-04-07,0.0,30.0,38.9
2013-04-08,0.0,15.0,17.0
2013-04-09,0.01,23.9,32.0
2013-04-10,0.47,21.0,23.9
2013-04-11,0.0,16.1,25.9
2013-04-12,0.54,23.0,32.0
2013-04-13,0.0,23.0,29.1
2013-04-14,0.0,21.0,33.1
2013-04-15,0.0,16.1,19.9
2013-04-16,0.0,25.9,40.0
2013-04-17,0.02,19.9,28.0
2013-04-18,0.0,17.0,21.9
2013-04-19,0.09,32.0,46.1
2013-04-20,0.42,25.9,33.1
2013-04-21,0.0,23.0,32.0
2013-04-22,0.0,19.9,25.1
2013-04-23,0.01,23.9,32.0
2013-04-24,0.0,23.0,31.1
2013-04-25,0.04,19.9,25.9
2013-04-26,0.0,17.0,25.9
2013-04-27,0.0,16.1,19.9
2013-04-28,0.0,21.0,25.1
2013-04-29,0.0,18.1,21.9
2013-04-30,0.0,16.1,19.9
2013-05-01,0.0,16.1,19.9
2013-05-02,0.0,21.9,25.9
2013-05-03,0.0,23.0,30.0
2013-05-04,0.0,19.9,29.1
2013-05-05,0.0,15.0,19.9
2013-05-06,0.0,17.0,21.0
2013-05-07,0.0,18.1,23.0
2013-05-08,0.14,23.0,29.1
2013-05-09,0.38,13.0,16.1
2013-05-10,0.0,16.1,21.0
2013-05-11,0.24,18.1,36.0
2013-05-12,0.02,16.1,25.9
2013-05-13,0.0,18.1,23.9
2013-05-14,0.0,13.0,18.1
2013-05-15,0.02,25.1,33.1
2013-05-16,0.0,21.0,25.9
2013-05-17,0.0,18.1,25.9
2013-05-18,0.0,18.1,23.0
2013-05-19,0.18,19.9,23.9
2013-05-20,0.03,15.0,19.9
2013-05-21,0.2,25.9,31.1
2013-05-22,0.01,23.0,29.1
2013-05-23,0.24,25.1,36.0
2013-05-24,0.51,18.1,23.9
2013-05-25,0.22,21.0,32.0
2013-05-26,0.04,28.0,40.0
2013-05-27,0.0,21.0,30.0
2013-05-28,0.02,16.1,19.9
2013-05-29,0.7,16.1,25.9
2013-05-30,0.07,16.1,23.0
2013-05-31,0.0,19.9,23.9
2013-06-01,0.0,21.9,29.1
2013-06-02,0.0,29.1,36.9
2013-06-03,0.78,16.1,21.9
2013-06-04,0.0,19.9,25.1
2013-06-05,0.0,16.1,21.0
2013-06-06,0.0,16.1,21.0
2013-06-07,3.23,18.1,25.1
2013-06-08,0.88,21.0,23.0
2013-06-09,0.0,16.1,19.9
2013-06-10,1.45,13.0,21.0
2013-06-11,0.9,18.1,21.9
2013-06-12,0.0,23.9,36.0
2013-06-13,0.57,21.0,29.1
2013-06-14,1.18,23.9,35.1
2013-06-15,0.0,16.1,21.0
2013-06-16,0.0,18.1,23.0
2013-06-17,0.01,23.9,31.1
2013-06-18,0.31,25.1,29.1
2013-06-19,0.01,17.0,21.9
2013-06-20,0.0,18.1,23.9
2013-06-21,0.0,18.1,21.9
2013-06-22,0.0,17.0,23.0
2013-06-23,0.0,21.0,28.0
2013-06-24,0.0,25.9,38.0
2013-06-25,0.0,18.1,23.9
2013-06-26,0.0,17.0,23.0
2013-06-27,0.07,10.1,13.0
2013-06-28,0.47,21.0,25.9
2013-06-29,0.04,21.9,28.0
2013-06-30,0.18,17.0,21.9
2013-07-01,0.23,18.1,23.0
2013-07-02,0.0,17.0,23.9
2013-07-03,0.0,21.0,28.0
2013-07-04,0.0,17.0,23.0
2013-07-05,0.0,18.1,23.9
2013-07-06,0.0,17.0,21.9
2013-07-07,0.0,19.9,23.9
2013-07-08,0.0,16.1,21.0
2013-07-09,0.07,15.0,17.0
2013-07-10,0.0,19.9,23.9
2013-07-11,0.43,16.1,21.0
2013-07-12,0.0,21.9,25.9
2013-07-13,0.07,10.1,12.1
2013-07-14,0.0,15.0,18.1
2013-07-15,0.0,14.1,18.1
2013-07-16,0.0,16.1,21.0
2013-07-17,0.0,16.1,21.0
2013-07-18,0.0,14.1,19.9
2013-07-19,0.0,21.9,30.0
2013-07-20,0.11,23.0,30.0
2013-07-21,0.12,10.1,15.0
2013-07-22,0.0,13.0,15.0
2013-07-23,0.17,21.0,25.9
2013-07-24,0.0,21.0,23.9
2013-07-25,0.72,21.0,25.1
2013-07-26,0.33,21.0,28.0
2013-07-27,0.0,17.0,21.9
2013-07-28,0.01,15.0,17.0
2013-07-29,0.0,18.1,21.9
2013-07-30,0.0,15.0,21.9
2013-07-31,0.0,14.1,17.0
2013-08-01,0.03,19.9,23.9
2013-08-02,0.2,18.1,25.1
2013-08-03,0.01,15.0,21.0
2013-08-04,0.02,17.0,23.9
2013-08-05,0.0,18.1,23.0
2013-08-06,0.0,15.0,19.9
2013-08-07,0.0,17.0,21.9
2013-08-08,0.0,18.1,23.9
2013-08-09,1.74,23.9,33.1
2013-08-10,0.0,17.0,21.9
2013-08-11,0.0,14.1,17.0
2013-08-12,0.0,14.1,16.1
2013-08-13,0.04,10.1,14.1
2013-08-14,0.0,23.9,31.1
2013-08-15,0.0,15.0,19.9
2013-08-16,0.0,15.0,19.9
2013-08-17,0.0,10.1,14.1
2013-08-18,0.0,10.1,15.0
2013-08-19,0.0,15.0,19.9
2013-08-20,0.0,12.1,16.1
2013-08-21,0.0,13.0,18.1
2013-08-22,0.63,23.0,28.0
2013-08-23,0.0,19.9,23.0
2013-08-24,0.0,17.0,25.9
2013-08-25,0.0,16.1,21.9
2013-08-26,0.32,17.0,21.9
2013-08-27,0.88,14.1,18.1
2013-08-28,0.0,16.1,21.0
2013-08-29,0.0,21.0,23.9
2013-08-30,0.0,14.1,17.0
2013-08-31,0.0,14.1,18.1
2013-09-01,0.67,15.0,19.9
2013-09-02,2.82,18.1,23.9
2013-09-03,0.09,17.0,25.1
2013-09-04,0.0,15.0,21.0
2013-09-05,0.0,19.9,25.1
2013-09-06,0.0,13.0,17.0
2013-09-07,0.0,16.1,21.0
2013-09-08,0.0,21.9,31.1
2013-09-09,0.0,17.0,21.0
2013-09-10,0.02,19.9,25.9
2013-09-11,0.0,18.1,23.9
2013-09-12,0.59,21.9,28.0
2013-09-13,0.05,15.0,21.0
2013-09-14,0.0,14.1,21.9
2013-09-15,0.0,13.0,15.0
2013-09-16,0.08,23.0,30.0
2013-09-17,0.0,19.9,25.1
2013-09-18,0.0,12.1,16.1
2013-09-19,0.0,13.0,16.1
2013-09-20,0.0,15.0,18.1
2013-09-21,0.0,21.9,25.1
2013-09-22,0.27,21.9,29.1
2013-09-23,0.0,21.0,25.9
2013-09-24,0.0,15.0,21.0
2013-09-25,0.0,17.0,23.0
2013-09-26,0.0,15.0,18.1
2013-09-27,0.0,17.0,21.9
2013-09-28,0.0,15.0,17.0
2013-09-29,0.0,10.1,14.1
2013-09-30,0.0,10.1,16.1
2013-10-01,0.0,13.0,17.0
2013-10-02,0.0,18.1,25.1
2013-10-03,0.0,13.0,15.0
2013-10-04,0.02,14.1,18.1
2013-10-05,0.23,8.9,10.1
2013-10-06,0.19,12.1,15.0
2013-10-07,0.03,25.1,33.1
2013-10-08,0.0,17.0,21.9
2013-10-09,0.0,19.9,21.9
2013-10-10,0.0,16.1,19.9
2013-10-11,0.0,17.0,21.0
2013-10-12,0.0,23.0,29.1
2013-10-13,0.0,15.0,19.9
2013-10-14,0.0,10.1,12.1
2013-10-15,0.0,12.1,14.1
2013-10-16,0.0,13.0,17.0
2013-10-17,0.02,14.1,17.0
2013-10-18,0.01,19.9,25.9
2013-10-19,0.0,14.1,17.0
2013-10-20,0.01,19.9,25.9
2013-10-21,0.0,14.1,17.0
2013-10-22,0.0,18.1,23.9
2013-10-23,0.0,10.1,14.1
2013-10-24,0.0,21.0,30.0
2013-10-25,0.0,19.9,25.1
2013-10-26,0.0,25.9,36.9
2013-10-27,0.01,19.9,25.9
2013-10-28,0.0,19.9,28.0
2013-10-29,0.0,14.1,25.1
2013-10-30,0.0,13.0,16.1
2013-10-31,0.09,25.9,35.1
2013-11-01,0.04,35.1,52.1
2013-11-02,0.0,10.1,14.1
2013-11-03,0.0,21.0,25.1
2013-11-04,0.0,17.0,21.9
2013-11-05,0.0,10.1,13.0
2013-11-06,0.0,19.9,23.9
2013-11-07,0.34,18.1,28.0
2013-11-08,0.0,25.1,32.0
2013-11-09,0.0,16.1,23.9
2013-11-10,0.01,21.9,29.1
2013-11-11,0.0,25.1,38.9
2013-11-12,0.05,21.0,25.9
2013-11-13,0.0,17.0,23.9
2013-11-14,0.0,18.1,23.0
2013-11-15,0.0,16.1,21.0
2013-11-16,0.0,14.1,19.9
2013-11-17,0.21,13.0,16.1
2013-11-18,0.46,30.0,38.9
2013-11-19,0.0,23.9,32.0
2013-11-20,0.0,17.0,23.0
2013-11-21,0.0,8.9,18.1
2013-11-22,0.18,12.1,15.0
2013-11-23,0.0,23.9,36.0
2013-11-24,0.0,36.0,48.1
2013-11-25,0.0,18.1,25.9
2013-11-26,0.22,15.0,21.9
2013-11-27,3.12,36.0,49.0
2013-11-28,0.0,25.9,36.0
2013-11-29,0.0,14.1,18.1
2013-11-30,0.0,10.1,13.0
2013-12-01,0.69,12.1,14.1
2013-12-02,0.0,8.9,13.0
2013-12-03,0.0,16.1,18.1
2013-12-04,0.0,10.1,13.0
2013-12-05,0.0,12.1,16.1
2013-12-06,0.41,16.1,21.9
2013-12-07,0.18,18.1,25.9
2013-12-08,0.0,10.1,14.1
2013-12-09,0.36,16.1,21.0
2013-12-10,0.1,16.1,23.9
2013-12-11,0.0,17.0,21.9
2013-12-12,0.0,18.1,25.1
2013-12-13,0.0,21.9,28.0
2013-12-14,0.28,16.1,18.1
2013-12-15,0.78,23.9,28.0
2013-12-16,0.0,19.9,29.1
2013-12-17,0.09,19.9,23.9
2013-12-18,0.0,18.1,25.1
2013-12-19,0.0,23.0,29.1
2013-12-20,0.0,16.1,19.9
2013-12-21,0.0,17.0,23.0
2013-12-22,0.0,25.1,36.0
2013-12-23,0.66,16.1,21.0
2013-12-24,0.0,17.0,19.0
2013-12-25,0.0,21.0,29.1
2013-12-26,0.04,15.0,19.9
2013-12-27,0.0,16.1,21.0
2013-12-28,0.0,23.0,31.1
2013-12-29,1.23,21.9,33.1
2013-12-30,0.0,21.9,31.1
2013-12-31,0.0,15.0,21.9
2014-01-01,0.0,17.0,23.0
2014-01-02,0.19,28.0,33.1
2014-01-03,0.1,30.0,38.9
2014-01-04,0.0,21.0,28.0
2014-01-05,0.16,17.0,23.9
2014-01-06,0.22,29.1,40.9
2014-01-07,0.0,25.9,38.0
2014-01-08,0.0,17.0,21.0
2014-01-09,0.0,15.0,21.0
2014-01-10,0.09,6.0,6.0
2014-01-11,1.24,36.0,48.1
2014-01-12,0.12,25.9,36.9
2014-01-13,0.0,19.9,25.1
2014-01-14,0.78,18.1,23.0
2014-01-15,0.0,11.0,
2014-01-16,0.0,8.9,10.1
2014-01-17,0.0,15.0,17.0
2014-01-18,0.53,12.1,14.1
2014-01-19,0.0,23.9,32.0
2014-01-20,0.0,23.0,33.1
2014-01-21,0.14,23.0,31.1
2014-01-22,0.04,25.9,33.1
2014-01-23,0.0,18.1,23.0
2014-01-24,0.0,19.9,25.1
2014-01-25,0.01,36.0,45.0
2014-01-26,0.0,23.9,31.1
2014-01-27,0.0,25.9,36.0
2014-01-28,0.0,19.9,28.0
2014-01-29,0.07,17.0,23.0
2014-01-30,0.0,16.1,19.9
2014-01-31,0.0,16.1,19.9
2014-02-01,0.0,15.0,18.1
2014-02-02,0.0,12.1,17.0
2014-02-03,0.42,17.0,21.0
2014-02-04,0.0,13.0,21.9
2014-02-05,1.06,16.1,23.9
2014-02-06,0.0,15.0,18.1
2014-02-07,0.0,15.0,19.9
2014-02-08,0.0,12.1,14.1
2014-02-09,0.03,13.0,15.0
2014-02-10,0.0,14.1,19.9
2014-02-11,0.0,14.1,19.9
2014-02-12,0.0,12.1,17.0
2014-02-13,1.42,36.9,44.1
2014-02-14,0.17,33.1,46.1
2014-02-15,0.39,23.9,35.1
2014-02-16,0.0,29.1,36.9
2014-02-17,0.0,19.9,25.1
2014-02-18,0.55,21.0,25.9
2014-02-19,0.33,14.1,19.0
2014-02-20,0.07,19.9,29.1
2014-02-21,0.24,21.9,29.1
2014-02-22,0.0,25.9,36.0
2014-02-23,0.0,12.1,15.0
2014-02-24,0.0,28.0,34.0
2014-02-25,0.0,21.9,27.1
2014-02-26,0.0,19.9,25.9
2014-02-27,0.03,23.9,35.1
2014-02-28,0.0,21.0,30.0
2014-03-01,0.0,18.1,23.9
2014-03-02,0.0,13.0,17.0
2014-03-03,0.0,21.9,29.1
2014-03-04,0.0,13.0,14.1
2014-03-05,0.0,19.9,38.0
2014-03-06,0.0,19.9,25.9
2014-03-07,0.0,12.1,14.1
2014-03-08,0.0,16.1,21.0
2014-03-09,0.0,21.0,27.1
2014-03-10,0.0,15.0,19.0
2014-03-11,0.0,21.0,28.0
2014-03-12,0.46,23.9,34.0
2014-03-13,0.06,28.0,38.9
2014-03-14,0.0,23.0,31.1
2014-03-15,0.04,28.0,40.0
2014-03-16,0.0,19.9,25.9
2014-03-17,0.0,21.0,25.9
2014-03-18,0.0,16.1,19.9
2014-03-19,0.02,15.0,19.0
2014-03-20,0.75,21.9,30.0
2014-03-21,0.0,25.1,36.0
2014-03-22,0.0,30.0,38.9
2014-03-23,0.0,21.0,27.1
2014-03-24,0.0,23.9,30.0
2014-03-25,0.0,21.9,28.0
2014-03-26,0.0,44.1,52.1
2014-03-27,0.0,19.9,27.1
2014-03-28,0.06,30.0,40.0
2014-03-29,1.08,17.0,21.9
2014-03-30,4.14,28.0,36.9
2014-03-31,0.12,25.9,33.1
2014-04-01,0.0,21.0,27.1
2014-04-02,0.0,14.1,17.0
2014-04-03,0.0,21.0,25.9
2014-04-04,0.16,18.1,23.0
2014-04-05,0.06,21.9,29.1
2014-04-06,0.0,15.0,19.0
2014-04-07,0.21,16.1,23.9
2014-04-08,1.0,25.1,38.0
2014-04-09,0.0,23.0,29.1
2014-04-10,0.0,25.1,36.9
2014-04-11,0.0,19.9,23.9
2014-04-12,0.0,17.0,21.9
2014-04-13,0.0,21.0,36.0
2014-04-14,0.0,36.9,48.1
2014-04-15,1.53,36.0,48.1
2014-04-16,0.42,23.9,35.1
2014-04-17,0.0,21.9,30.0
2014-04-18,0.0,14.1,18.1
2014-04-19,0.0,21.9,30.0
2014-04-20,0.0,18.1,23.0
2014-04-21,0.0,21.9,38.9
2014-04-22,0.03,23.9,31.1
2014-04-23,0.59,25.9,38.9
2014-04-24,0.0,32.0,47.0
2014-04-25,0.0,21.0,27.1
2014-04-26,0.36,12.1,15.0
2014-04-27,0.0,18.1,21.9
2014-04-28,0.0,19.9,25.9
2014-04-29,0.01,23.9,29.1
2014-04-30,0.8,18.1,23.0
2014-05-01,1.28,23.0,29.1
2014-05-02,0.0,21.0,27.1
2014-05-03,0.0,23.0,31.1
2014-05-04,0.0,32.0,40.9
2014-05-05,0.0,21.0,29.1
2014-05-06,0.0,21.0,27.1
2014-05-07,0.0,18.1,23.0
2014-05-08,0.0,12.1,14.1
2014-05-09,0.03,18.1,23.9
2014-05-10,0.01,23.0,31.1
2014-05-11,0.04,21.9,30.0
2014-05-12,0.0,25.1,31.1
2014-05-13,0.0,23.9,30.0
2014-05-14,0.0,17.0,21.9
2014-05-15,0.01,17.0,21.9
2014-05-16,0.05,23.0,31.1
2014-05-17,0.48,23.9,36.0
2014-05-18,0.0,15.0,21.0
2014-05-19,0.01,23.9,36.0
2014-05-20,0.0,25.1,34.0
2014-05-21,0.0,18.1,23.0
2014-05-22,0.16,14.1,16.1
2014-05-23,0.0,15.0,18.1
2014-05-24,0.01,18.1,23.0
2014-05-25,0.0,17.0,19.9
2014-05-26,0.01,17.0,23.0
2014-05-27,0.0,19.9,25.1
2014-05-28,0.0,25.1,32.0
2014-05-29,0.0,18.1,21.9
2014-05-30,0.16,18.1,21.0
2014-05-31,0.0,25.1,31.1
2014-06-01,0.0,16.1,19.9
2014-06-02,0.0,17.0,21.9
2014-06-03,0.0,18.1,21.9
2014-06-04,0.0,14.1,17.0
2014-06-05,0.54,18.1,21.9
2014-06-06,0.0,18.1,25.9
2014-06-07,0.0,16.1,21.9
2014-06-08,0.0,16.1,19.0
2014-06-09,0.2,16.1,19.9
2014-06-10,0.09,21.9,25.9
2014-06-11,0.0,16.1,21.0
2014-06-12,0.0,15.0,19.0
2014-06-13,1.22,10.1,13.0
2014-06-14,0.0,17.0,23.9
2014-06-15,0.0,19.9,25.9
2014-06-16,0.0,18.1,23.9
2014-06-17,0.0,16.1,19.0
2014-06-18,0.0,23.0,31.1
2014-06-19,0.14,14.1,18.1
2014-06-20,0.0,21.0,27.1
2014-06-21,0.0,17.0,19.9
2014-06-22,0.0,16.1,19.0
2014-06-23,0.0,17.0,23.0
2014-06-24,0.0,21.0,25.9
2014-06-25,0.0,21.9,25.9
2014-06-26,0.17,23.0,27.1
2014-06-27,0.0,21.0,25.9
2014-06-28,0.0,17.0,23.0
2014-06-29,0.0,17.0,21.0
2014-06-30,0.0,19.9,25.1
2014-07-01,0.0,21.0,29.1
2014-07-02,0.0,21.9,30.0
2014-07-03,0.0,21.0,27.1
2014-07-04,2.68,23.9,32.0
2014-07-05,0.0,23.0,35.1
2014-07-06,0.0,23.0,31.1
2014-07-07,0.0,23.0,32.0
2014-07-08,0.0,18.1,32.0
2014-07-09,0.0,19.9,27.1
2014-07-10,0.0,13.0,15.0
2014-07-11,0.0,16.1,19.9
2014-07-12,0.0,16.1,19.9
2014-07-13,0.0,23.9,31.1
2014-07-14,0.16,15.0,23.0
2014-07-15,0.03,19.9,23.9
2014-07-16,0.45,16.1,19.9
2014-07-17,0.0,13.0,16.1
2014-07-18,0.0,13.0,15.0
2014-07-19,0.0,12.1,19.9
2014-07-20,0.06,14.1,17.0
2014-07-21,0.02,14.1,18.1
2014-07-22,0.0,17.0,21.9
2014-07-23,0.0,23.0,28.0
2014-07-24,0.02,16.1,19.0
2014-07-25,0.0,13.0,19.0
2014-07-26,0.0,19.9,25.1
2014-07-27,0.07,19.9,23.9
2014-07-28,0.1,21.0,27.1
2014-07-29,0.0,16.1,21.0
2014-07-30,0.0,17.0,25.1
2014-07-31,0.0,21.0,25.1
2014-08-01,0.0,21.0,23.9
2014-08-02,0.18,15.0,18.1
2014-08-03,0.0,8.1,12.1
2014-08-04,0.0,17.0,21.9
2014-08-05,0.0,17.0,21.9
2014-08-06,0.0,18.1,23.9
2014-08-07,0.01,17.0,23.0
2014-08-08,0.0,15.0,21.0
2014-08-09,0.0,17.0,21.0
2014-08-10,0.0,14.1,19.0
2014-08-11,0.0,21.0,25.1
2014-08-12,0.0,19.9,25.9
2014-08-13,2.26,21.0,29.1
2014-08-14,0.0,18.1,23.0
2014-08-15,0.0,18.1,23.0
2014-08-16,0.0,21.0,25.9
2014-08-17,0.0,14.1,19.0
2014-08-18,0.0,15.0,21.9
2014-08-19,0.0,14.1,19.0
2014-08-20,0.0,16.1,19.0
2014-08-21,0.0,14.1,17.0
2014-08-22,0.03,14.1,17.0
2014-08-23,0.0,18.1,23.9
2014-08-24,0.0,16.1,19.9
2014-08-25,0.0,15.0,18.1
2014-08-26,0.0,17.0,19.9
2014-08-27,0.0,18.1,23.9
2014-08-28,0.0,21.0,25.9
2014-08-29,0.0,14.1,18.1
2014-08-30,0.0,19.9,25.1
2014-08-31,0.22,21.0,25.9
2014-09-01,0.0,14.1,18.1
2014-09-02,0.0,21.0,25.1
2014-09-03,0.0,18.1,23.9
2014-09-04,0.0,17.0,19.9
2014-09-05,0.0,19.9,25.9
2014-09-06,0.0,23.0,29.1
2014-09-07,0.37,18.1,23.0
2014-09-08,0.0,17.0,21.9
2014-09-09,0.0,16.1,19.9
2014-09-10,0.0,15.0,21.9
2014-09-11,0.0,21.0,25.9
2014-09-12,0.0,17.0,21.9
2014-09-13,0.17,15.0,21.0
2014-09-14,0.0,17.0,23.0
2014-09-15,0.0,14.1,16.1
2014-09-16,0.0,13.0,15.0
2014-09-17,0.0,17.0,19.9
2014-09-18,0.0,18.1,25.1
2014-09-19,0.0,17.0,21.9
2014-09-20,0.0,19.9,23.9
2014-09-21,0.02,17.0,23.0
2014-09-22,0.0,23.9,31.1
2014-09-23,0.0,15.0,19.9
2014-09-24,0.0,16.1,19.9
2014-09-25,0.08,15.0,19.9
2014-09-26,0.0,19.9,25.1
2014-09-27,0.0,10.1,13.0
2014-09-28,0.0,13.0,16.1
2014-09-29,0.0,16.1,19.0
2014-09-30,0.1,16.1,19.9
2014-10-01,0.3,19.9,23.0
2014-10-02,0.31,21.9,28.0
2014-10-03,0.01,15.0,19.0
2014-10-04,0.28,21.0,25.1
2014-10-05,0.0,18.1,21.9
2014-10-06,0.0,19.9,23.9
2014-10-07,0.0,25.1,36.0
2014-10-08,0.05,23.0,31.1
2014-10-09,0.0,23.9,29.1
2014-10-10,0.0,15.0,19.9
2014-10-11,0.35,13.0,15.0
2014-10-12,0.0,16.1,21.0
2014-10-13,0.0,16.1,19.9
2014-10-14,0.0,21.0,25.1
2014-10-15,0.0,21.9,30.0
2014-10-16,0.71,23.9,36.0
2014-10-17,0.0,21.9,27.1
2014-10-18,0.0,25.1,35.1
2014-10-19,0.0,17.0,25.1
2014-10-20,0.0,16.1,23.0
2014-10-21,0.11,15.0,19.0
2014-10-22,0.86,32.0,42.9
2014-10-23,0.27,32.0,45.0
2014-10-24,0.04,18.1,23.0
2014-10-25,0.0,16.1,21.0
2014-10-26,0.0,25.1,36.0
2014-10-27,0.0,19.9,25.1
2014-10-28,0.0,17.0,23.0
2014-10-29,0.01,16.1,21.0
2014-10-30,0.0,16.1,21.0
2014-10-31,0.0,17.0,21.9
2014-11-01,0.23,29.1,36.9
2014-11-02,0.14,36.9,45.0
2014-11-03,0.0,25.1,36.0
2014-11-04,0.0,14.1,17.0
2014-11-05,0.0,21.0,32.0
2014-11-06,0.42,14.1,19.9
2014-11-07,0.0,23.9,34.0
2014-11-08,0.0,16.1,19.9
2014-11-09,0.0,13.0,17.0
2014-11-10,0.0,13.0,16.1
2014-11-11,0.0,13.0,17.0
2014-11-12,0.0,19.9,25.1
2014-11-13,0.04,14.1,19.9
2014-11-14,0.22,19.9,28.0
2014-11-15,0.0,17.0,23.0
2014-11-16,0.0,8.1,10.1
2014-11-17,1.5,21.0,25.9
2014-11-18,0.0,23.9,30.0
2014-11-19,0.0,21.9,31.1
2014-11-20,0.0,33.1,44.1
2014-11-21,0.0,23.0,30.0
2014-11-22,0.0,19.9,25.1
2014-11-23,0.0,17.0,23.0
2014-11-24,1.31,32.0,45.0
2014-11-25,0.0,17.0,21.9
2014-11-26,1.53,28.0,36.9
2014-11-27,0.04,25.1,34.0
2014-11-28,0.02,19.9,28.0
2014-11-29,0.0,10.1,14.1
2014-11-30,0.0,23.9,32.0
2014-12-01,0.0,21.0,25.9
2014-12-02,0.05,21.0,28.0
2014-12-03,0.14,23.9,35.1
2014-12-04,0.0,18.1,25.9
2014-12-05,0.09,15.0,19.9
2014-12-06,1.06,21.9,25.9
2014-12-07,0.22,30.0,36.9
2014-12-08,0.0,21.0,27.1
2014-12-09,2.74,29.1,38.9
2014-12-10,0.31,16.1,19.0
2014-12-11,0.0,17.0,23.0
2014-12-12,0.0,15.0,23.0
2014-12-13,0.0,17.0,21.9
2014-12-14,0.0,14.1,19.0
2014-12-15,0.0,12.1,15.0
2014-12-16,0.0,8.9,12.1
2014-12-17,0.31,21.0,28.0
2014-12-18,0.0,21.9,32.0
2014-12-19,0.0,13.0,21.0
2014-12-20,0.07,13.0,15.0
2014-12-21,0.06,14.1,17.0
2014-12-22,0.01,13.0,15.0
2014-12-23,0.24,15.0,19.0
2014-12-24,0.69,25.9,36.0
2014-12-25,0.23,23.9,35.1
2014-12-26,0.0,17.0,21.9
2014-12-27,0.0,14.1,18.1
2014-12-28,0.03,17.0,21.9
2014-12-29,0.0,16.1,21.9
2014-12-30,0.0,16.1,21.0
2014-12-31,0.0,16.1,19.9
2015-01-01,0.0,19.9,23.9
2015-01-02,0.0,25.1,34.0
2015-01-03,0.56,14.1,16.1
2015-01-04,0.4,23.9,34.0
2015-01-05,0.0,31.1,40.9
2015-01-06,0.01,17.0,23.9
2015-01-07,0.0,29.1,42.9
2015-01-08,0.0,25.1,36.0
2015-01-09,0.08,32.0,40.9
2015-01-10,0.0,16.1,19.9
2015-01-11,0.0,13.0,15.0
2015-01-12,0.36,15.0,19.9
2015-01-13,0.0,23.0,29.1
2015-01-14,0.0,15.0,18.1
2015-01-15,0.01,14.1,18.1
2015-01-16,0.0,28.0,38.0
2015-01-17,0.0,14.1,16.1
2015-01-18,0.27,31.1,42.1
2015-01-19,0.0,23.0,31.1
2015-01-20,0.0,17.0,21.9
2015-01-21,0.0,13.0,17.0
2015-01-22,0.01,10.1,14.1
2015-01-23,0.0,15.0,19.0
2015-01-24,0.75,21.0,25.9
2015-01-25,0.0,23.0,33.1
2015-01-26,0.18,33.1,40.9
2015-01-27,0.9,38.0,49.0
2015-01-28,0.0,18.1,23.9
2015-01-29,0.0,8.9,12.1
2015-01-30,0.09,28.0,36.9
2015-01-31,0.0,23.0,42.9
2015-02-01,0.0,18.1,21.0
2015-02-02,0.87,28.0,36.0
2015-02-03,0.0,21.0,28.0
2015-02-04,0.0,23.9,30.0
2015-02-05,0.0,30.0,38.0
2015-02-06,0.0,19.9,28.0
2015-02-07,0.0,15.0,19.0
2015-02-08,0.23,21.0,25.1
2015-02-09,0.28,23.9,28.0
2015-02-10,0.0,25.1,30.0
2015-02-11,0.0,23.9,31.1
2015-02-12,0.01,18.1,30.0
2015-02-13,0.0,21.9,31.1
2015-02-14,0.39,17.0,23.0
2015-02-15,0.16,32.0,46.1
2015-02-16,0.0,25.1,35.1
2015-02-17,0.08,13.0,15.0
2015-02-18,0.03,13.0,15.0
2015-02-19,0.0,25.9,35.1
2015-02-20,0.0,23.9,34.0
2015-02-21,0.3,25.1,32.0
2015-02-22,0.27,12.1,14.1
2015-02-23,0.0,23.9,30.0
2015-02-24,0.02,19.9,23.0
2015-02-25,0.08,21.0,29.1
2015-02-26,0.01,19.9,23.9
2015-02-27,0.0,13.0,16.1
2015-02-28,0.0,12.1,14.1
2015-03-01,0.42,14.1,19.0
2015-03-02,0.0,31.1,40.9
2015-03-03,0.44,21.0,23.9
2015-03-04,0.16,25.1,30.0
2015-03-05,0.58,16.1,25.1
2015-03-06,0.0,18.1,23.0
2015-03-07,0.0,21.0,25.9
2015-03-08,0.0,25.9,36.0
2015-03-09,0.0,23.0,30.0
2015-03-10,0.21,16.1,19.9
2015-03-11,0.06,23.0,31.1
2015-03-12,0.0,29.1,36.9
2015-03-13,0.0,17.0,21.0
2015-03-14,1.09,16.1,19.9
2015-03-15,0.0,29.1,42.9
2015-03-16,0.0,19.9,28.0
2015-03-17,0.12,35.1,47.0
2015-03-18,0.0,32.0,46.1
2015-03-19,0.0,23.9,34.0
2015-03-20,0.04,8.9,11.0
2015-03-21,0.14,14.1,17.0
2015-03-22,0.0,29.1,40.0
2015-03-23,0.0,21.9,38.9
2015-03-24,0.0,12.1,14.1
2015-03-25,0.02,21.0,25.1
2015-03-26,0.65,25.9,38.9
2015-03-27,0.18,14.1,17.0
2015-03-28,0.29,21.0,25.1
2015-03-29,0.0,16.1,21.0
2015-03-30,0.0,19.9,28.0
2015-03-31,0.0,19.9,25.9
2015-04-01,0.0,19.9,25.9
2015-04-02,0.0,31.1,40.0
2015-04-03,0.39,23.0,31.1
2015-04-04,0.01,36.9,47.0
2015-04-05,0.13,28.0,40.0
2015-04-06,0.0,17.0,19.0
2015-04-07,0.2,16.1,21.0
2015-04-08,0.13,21.9,30.0
2015-04-09,0.12,21.9,27.1
2015-04-10,0.14,21.0,27.1
2015-04-11,0.0,29.1,38.0
2015-04-12,0.0,17.0,21.0
2015-04-13,0.0,21.9,25.9
2015-04-14,0.01,23.0,32.0
2015-04-15,0.0,21.9,29.1
2015-04-16,0.0,21.0,25.1
2015-04-17,0.17,18.1,25.9
2015-04-18,0.0,28.0,36.0
2015-04-19,0.0,21.0,25.1
2015-04-20,0.97,31.1,45.0
2015-04-21,0.07,23.0,29.1
2015-04-22,0.11,31.1,38.9
2015-04-23,0.0,21.9,32.0
2015-04-24,0.0,21.9,28.0
2015-04-25,0.0,19.9,25.1
2015-04-26,0.0,16.1,19.9
2015-04-27,0.03,23.9,29.1
2015-04-28,0.03,23.9,32.0
2015-04-29,0.0,18.1,23.0
2015-04-30,0.0,16.1,19.0
2015-05-01,0.0,18.1,21.0
2015-05-02,0.0,17.0,19.0
2015-05-03,0.0,21.9,27.1
2015-05-04,0.0,25.9,35.1
2015-05-05,0.0,19.9,25.9
2015-05-06,0.0,16.1,19.0
2015-05-07,0.0,21.9,27.1
2015-05-08,0.0,15.0,17.0
2015-05-09,0.0,21.0,23.9
2015-05-10,0.0,23.0,29.1
2015-05-11,0.0,23.0,29.1
2015-05-12,0.22,23.9,34.0
2015-05-13,0.0,23.0,30.0
2015-05-14,0.0,17.0,23.9
2015-05-15,0.0,17.0,21.0
2015-05-16,0.0,16.1,21.0
2015-05-17,0.0,16.1,19.9
2015-05-18,0.0,17.0,21.0
2015-05-19,0.26,16.1,19.0
2015-05-20,0.0,23.0,32.0
2015-05-21,0.0,21.9,28.0
2015-05-22,0.03,23.0,31.1
2015-05-23,0.0,18.1,23.9
2015-05-24,0.0,21.0,25.9
2015-05-25,0.0,18.1,23.0
2015-05-26,0.0,25.1,32.0
2015-05-27,0.0,25.1,32.0
2015-05-28,0.0,21.0,25.1
2015-05-29,0.0,17.0,19.9
2015-05-30,0.0,25.1,33.1
2015-05-31,3.18,30.0,36.0
2015-06-01,0.29,21.9,28.0
2015-06-02,0.35,18.1,23.9
2015-06-03,0.0,13.0,17.0
2015-06-04,0.0,18.1,21.9
2015-06-05,0.0,13.0,15.0
2015-06-06,0.0,21.9,28.0
2015-06-07,0.0,17.0,21.9
2015-06-08,0.0,25.9,33.1
2015-06-09,0.0,21.9,32.0
2015-06-10,0.0,17.0,23.0
2015-06-11,0.0,18.1,23.9
2015-06-12,0.0,16.1,19.9
2015-06-13,0.0,21.0,25.1
2015-06-14,0.0,18.1,23.0
2015-06-15,1.32,14.1,19.0
2015-06-16,0.0,12.1,14.1
2015-06-17,0.0,19.9,25.1
2015-06-18,0.0,18.1,21.9
2015-06-19,0.0,16.1,21.0
2015-06-20,0.08,18.1,21.9
2015-06-21,1.19,23.0,30.0
2015-06-22,0.0,18.1,21.9
2015-06-23,0.04,28.0,38.9
2015-06-24,0.0,16.1,21.9
2015-06-25,0.0,16.1,21.0
2015-06-26,0.01,17.0,23.0
2015-06-27,0.3,18.1,23.9
2015-06-28,1.77,19.9,28.0
2015-06-29,0.0,14.1,18.1
2015-06-30,0.0,18.1,23.9
2015-07-01,0.7,23.0,29.1
2015-07-02,0.0,15.0,17.0
2015-07-03,0.0,15.0,19.0
2015-07-04,0.0,10.1,13.0
2015-07-05,0.0,14.1,19.0
2015-07-06,0.0,15.0,19.0
2015-07-07,0.01,21.0,25.9
2015-07-08,0.36,17.0,21.9
2015-07-09,0.0,14.1,19.9
2015-07-10,0.16,19.9,23.9
2015-07-11,0.0,13.0,19.0
2015-07-12,0.0,15.0,18.1
2015-07-13,0.0,15.0,19.0
2015-07-14,0.42,17.0,23.9
2015-07-15,0.09,21.0,25.9
2015-07-16,0.0,18.1,25.9
2015-07-17,0.0,19.9,23.0
2015-07-18,0.0,18.1,23.9
2015-07-19,0.0,15.0,19.0
2015-07-20,0.0,19.9,27.1
2015-07-21,0.0,15.0,19.0
2015-07-22,0.0,17.0,23.9
2015-07-23,0.0,16.1,21.9
2015-07-24,0.03,16.1,19.0
2015-07-25,0.0,15.0,17.0
2015-07-26,0.05,17.0,23.9
2015-07-27,0.44,17.0,21.0
2015-07-28,0.0,25.9,31.1
2015-07-29,0.0,16.1,21.0
2015-07-30,0.08,23.9,32.0
2015-07-31,0.0,21.0,27.1
2015-08-01,0.0,21.9,28.0
2015-08-02,0.0,19.9,27.1
2015-08-03,0.0,23.0,29.1
2015-08-04,1.08,48.1,66.0
2015-08-05,0.0,17.0,23.0
2015-08-06,0.0,15.0,21.0
2015-08-07,0.0,14.1,17.0
2015-08-08,0.0,15.0,19.0
2015-08-09,0.0,21.9,27.1
2015-08-10,0.0,21.0,23.9
2015-08-11,0.99,23.0,33.1
2015-08-12,0.0,15.0,19.9
2015-08-13,0.0,13.0,19.0
2015-08-14,0.0,17.0,21.9
2015-08-15,0.0,18.1,25.1
2015-08-16,0.0,13.0,18.1
2015-08-17,0.0,15.0,19.0
2015-08-18,0.0,19.9,25.1
2015-08-19,0.0,19.9,23.0
2015-08-20,0.0,17.0,21.9
2015-08-21,0.03,16.1,19.0
2015-08-22,0.0,16.1,21.9
2015-08-23,0.0,15.0,17.0
2015-08-24,0.0,15.0,18.1
2015-08-25,0.68,16.1,19.9
2015-08-26,0.0,16.1,21.0
2015-08-27,0.0,17.0,21.9
2015-08-28,0.0,15.0,19.0
2015-08-29,0.0,14.1,18.1
2015-08-30,0.0,15.0,19.9
2015-08-31,0.0,18.1,23.9
2015-09-01,0.0,16.1,19.9
2015-09-02,0.0,16.1,19.9
2015-09-03,0.0,12.1,17.0
2015-09-04,0.0,21.0,25.9
2015-09-05,0.0,16.1,19.0
2015-09-06,0.0,18.1,21.9
2015-09-07,0.0,19.9,23.0
2015-09-08,0.0,19.9,25.1
2015-09-09,0.0,21.0,32.0
2015-09-10,0.77,16.1,25.1
2015-09-11,0.23,21.0,27.1
2015-09-12,0.09,15.0,18.1
2015-09-13,0.02,15.0,18.1
2015-09-14,0.0,23.0,30.0
2015-09-15,0.0,14.1,17.0
2015-09-16,0.0,14.1,17.0
2015-09-17,0.0,15.0,18.1
2015-09-18,0.0,17.0,19.9
2015-09-19,0.0,16.1,21.0
2015-09-20,0.0,18.1,25.9
2015-09-21,0.0,21.0,27.1
2015-09-22,0.0,17.0,21.0
2015-09-23,0.0,13.0,17.0
2015-09-24,0.0,18.1,23.0
2015-09-25,0.0,14.1,17.0
2015-09-26,0.0,18.1,23.9
2015-09-27,0.0,15.0,18.1
2015-09-28,0.0,16.1,19.9
2015-09-29,0.06,16.1,21.9
2015-09-30,2.02,28.0,36.9
2015-10-01,0.04,25.9,34.0
2015-10-02,0.52,21.0,31.1
2015-10-03,0.05,29.1,40.0
2015-10-04,0.0,25.1,33.1
2015-10-05,0.0,17.0,19.9
2015-10-06,0.0,10.1,14.1
2015-10-07,0.0,14.1,19.0
2015-10-08,0.0,16.1,19.9
2015-10-09,0.39,28.0,38.9
2015-10-10,0.0,19.9,25.9
2015-10-11,0.0,17.0,23.0
2015-10-12,0.0,16.1,19.9
2015-10-13,0.29,21.0,27.1
2015-10-14,0.0,17.0,23.0
2015-10-15,0.0,15.0,19.0
2015-10-16,0.0,19.9,27.1
2015-10-17,0.0,19.9,28.0
2015-10-18,0.0,21.0,23.9
2015-10-19,0.0,15.0,19.0
2015-10-20,0.0,16.1,21.9
2015-10-21,0.0,10.1,14.1
2015-10-22,0.0,21.9,29.1
2015-10-23,0.0,23.9,31.1
2015-10-24,0.0,12.1,15.0
2015-10-25,0.02,16.1,23.9
2015-10-26,0.0,21.9,27.1
2015-10-27,0.0,10.1,12.1
2015-10-28,0.79,33.1,46.1
2015-10-29,0.7,31.1,38.9
2015-10-30,0.0,18.1,23.9
2015-10-31,0.0,10.1,14.1
2015-11-01,0.0,21.0,25.9
2015-11-02,0.0,12.1,16.1
2015-11-03,0.0,16.1,19.0
2015-11-04,0.0,14.1,16.1
2015-11-05,0.0,16.1,19.9
2015-11-06,0.0,23.0,32.0
2015-11-07,0.0,19.9,27.1
2015-11-08,0.0,18.1,25.1
2015-11-09,0.0,15.0,18.1
2015-11-10,0.22,18.1,23.9
2015-11-11,0.12,28.0,35.1
2015-11-12,0.1,16.1,23.9
2015-11-13,0.0,28.0,36.0
2015-11-14,0.0,28.0,38.9
2015-11-15,0.0,17.0,21.9
2015-11-16,0.0,21.9,28.0
2015-11-17,0.0,16.1,21.9
2015-11-18,0.0,12.1,14.1
2015-11-19,0.12,17.0,23.9
2015-11-20,1.55,23.9,36.0
2015-11-21,0.0,17.0,21.9
2015-11-22,0.43,21.9,28.0
2015-11-23,0.0,19.9,27.1
2015-11-24,0.0,15.0,19.9
2015-11-25,0.0,8.1,11.0
2015-11-26,0.0,21.0,25.9
2015-11-27,0.0,19.9,25.9
2015-11-28,0.08,17.0,21.9
2015-11-29,0.0,17.0,21.0
2015-11-30,0.0,18.1,21.9
2015-12-01,0.25,14.1,17.0
2015-12-02,0.15,15.0,18.1
2015-12-03,0.0,29.1,36.9
2015-12-04,0.0,19.9,25.9
2015-12-05,0.0,10.1,14.1
2015-12-06,0.0,15.0,19.9
2015-12-07,0.0,16.1,21.0
2015-12-08,0.0,18.1,23.0
2015-12-09,0.0,10.1,14.1
2015-12-10,0.0,13.0,17.0
2015-12-11,0.0,19.9,23.0
2015-12-12,0.0,15.0,19.9
2015-12-13,0.0,13.0,14.1
2015-12-14,0.54,17.0,21.0
2015-12-15,0.07,28.0,40.0
2015-12-16,0.0,16.1,19.0
2015-12-17,0.65,13.0,17.0
2015-12-18,0.05,14.1,21.0
2015-12-19,0.0,31.1,42.1
2015-12-20,0.0,17.0,23.9
2015-12-21,0.0,25.1,36.9
2015-12-22,0.2,19.9,25.9
2015-12-23,1.32,12.1,16.1
2015-12-24,0.45,21.9,29.1
2015-12-25,0.0,8.9,12.1
2015-12-26,0.0,21.0,29.1
2015-12-27,0.2,28.0,33.1
2015-12-28,0.0,23.0,30.0
2015-12-29,0.7,18.1,23.9
2015-12-30,0.01,15.0,19.0
2015-12-31,0.21,18.1,25.1
